    set echo on 
    SPOOL C:\populate.txt

    --Chat GPT 3.5 helped with the order
    DELETE FROM OrderProductBridge;
    DELETE FROM Payments;
    DELETE FROM Orders;
    DELETE FROM Shipping;
    DELETE FROM Taxes;
    DELETE FROM Reviews;
    DELETE FROM ProductSupplierBridge;
    DELETE FROM Suppliers;
    DELETE FROM Products;
    DELETE FROM Location;
    DELETE FROM Customers;
    DELETE FROM SubCategory;
    DELETE FROM Category;

    -- Comments added are a mix between AI generated and Human Written
    --We modified a few of the Insert statements to work with our defined CHECK constraints 

    -- INSERT statements for Customers Generated by Chat GPT 3.5
    INSERT INTO Customers (customer_id, first_name, last_name, email, phone_number) VALUES (1, 'Alice', 'Johnson', 'alice@example.com', '111-222-3333');
    INSERT INTO Customers (customer_id, first_name, last_name, email, phone_number) VALUES (2, 'Bob', 'Smith', 'bob@example.com', '444-555-6666');
    INSERT INTO Customers (customer_id, first_name, last_name, email, phone_number) VALUES (3, 'Charlie', 'Brown', 'charlie@example.com', '777-888-9999');
    INSERT INTO Customers (customer_id, first_name, last_name, email, phone_number) VALUES (4, 'David', 'Lee', 'david@example.com', '111-999-8888');
    INSERT INTO Customers (customer_id, first_name, last_name, email, phone_number) VALUES (5, 'Eve', 'Wilson', 'eve@example.com', '222-333-4444');
    INSERT INTO Customers (customer_id, first_name, last_name, email, phone_number) VALUES (6, 'Frank', 'Miller', 'frank@example.com', '555-666-7777');
    INSERT INTO Customers (customer_id, first_name, last_name, email, phone_number) VALUES (7, 'Grace', 'Davis', 'grace@example.com', '999-888-7777');

    -- INSERT statements for Category Generated by Chat GPT 3.5
    INSERT INTO Category (category_id, category_name) VALUES (1, 'Electronics');

    INSERT INTO Category (category_id, category_name) VALUES (2, 'Clothing');

    INSERT INTO Category (category_id, category_name) VALUES (3, 'Home And Garden');

    INSERT INTO Category (category_id, category_name) VALUES (4, 'Toys');

    INSERT INTO Category (category_id, category_name) VALUES (5, 'Books');

    --INSERT statements for Sub Category Generated by Chat GPT 3.5
    INSERT INTO SubCategory (sub_category_id, sub_category_name, category_id) VALUES (1, 'Laptops', 1);
    INSERT INTO SubCategory (sub_category_id, sub_category_name, category_id) VALUES (2, 'Smartphones', 1);
    INSERT INTO SubCategory (sub_category_id, sub_category_name, category_id) VALUES (3, 'T-shirts', 2);
    INSERT INTO SubCategory (sub_category_id, sub_category_name, category_id) VALUES (4, 'Furniture', 3);
    INSERT INTO SubCategory (sub_category_id, sub_category_name, category_id) VALUES (5, 'Outdoor', 3);
    INSERT INTO SubCategory (sub_category_id, sub_category_name, category_id) VALUES (6, 'Action Figures', 4);
    INSERT INTO SubCategory (sub_category_id, sub_category_name, category_id) VALUES (7, 'Mystery', 5);

    ---INSERT statements for Suppliers Generated by Chat GPT 3.5
    -- Supplier 1
    INSERT INTO Suppliers (supplier_id, supplier_name, supplier_address, supplier_email, supplier_phone_number, products_available) VALUES (1, 'Electronics Superstore', '123 Tech Avenue', 'electronics@example.com', '555-123-4567', 45);
   
    -- Supplier 2
    INSERT INTO Suppliers (supplier_id, supplier_name, supplier_address, supplier_email, supplier_phone_number, products_available) VALUES (2, 'Fashion Emporium', '456 Style Street', 'fashionemporium@example.com', '555-234-5678', 35);
  
    -- Supplier 3
    INSERT INTO Suppliers (supplier_id, supplier_name, supplier_address, supplier_email, supplier_phone_number, products_available) VALUES (3, 'Garden Retreat', '789 Green Lane', 'gardenretreat@example.com', '555-345-6789', 25);

    -- Supplier 4
    INSERT INTO Suppliers (supplier_id, supplier_name, supplier_address, supplier_email, supplier_phone_number, products_available) VALUES (4, 'Toy Universe', '123 Toy Street', 'toyuniverse@example.com', '555-987-6543', 20);

    -- INSERT statements for Products Generated by Chat GPT 3.5  (Changed category id to match proper categories)
    INSERT INTO Products (product_id, product_name, product_description, product_weight, category_id, price, product_stock) VALUES (1, 'Headphones X', 'High-quality over-ear headphones', 0.4, 1, 149.99, 50);
    INSERT INTO Products (product_id, product_name, product_description, product_weight, category_id, price, product_stock) VALUES (2, 'Smartwatch Pro', 'Feature-rich smartwatch for fitness tracking', 0.15, 1, 199.99, 30);
    INSERT INTO Products (product_id, product_name, product_description, product_weight, category_id, price, product_stock) VALUES (3, 'Designer Jeans', 'Premium denim jeans for men', 1.0, 2, 79.99, 60);
    INSERT INTO Products (product_id, product_name, product_description, product_weight, category_id, price, product_stock) VALUES (4, 'Garden Table', 'Outdoor table for your garden', 10.0, 3, 199.99, 15);
    INSERT INTO Products (product_id, product_name, product_description, product_weight, category_id, price, product_stock) VALUES (5, 'Childrens Books Set','Collection of classic childrens books', 1.5, 5, 49.99, 100);
    INSERT INTO Products (product_id, product_name, product_description, product_weight, category_id, price, product_stock) VALUES (6, 'Wireless Mouse', 'Ergonomic wireless mouse for productivity', 0.2, 1, 29.99, 80);
    INSERT INTO Products (product_id, product_name, product_description, product_weight, category_id, price, product_stock) VALUES (7, 'Running Shoes', 'High-performance running shoes for athletes', 0.8, 2, 89.99, 40);
    INSERT INTO Products (product_id, product_name, product_description, product_weight, category_id, price, product_stock) VALUES (8, 'Sofa Set', 'Elegant sofa set for your living room', 40.0, 3, 699.99, 10);
    INSERT INTO Products (product_id, product_name, product_description, product_weight, category_id, price, product_stock) VALUES (9, 'Outdoor Grill', 'Barbecue grill for outdoor cooking', 25.0, 3, 249.99, 20);
    INSERT INTO Products (product_id, product_name, product_description, product_weight, category_id, price, product_stock) VALUES (10, 'Cookbook Collection', 'As  sorted collection of cookbooks', 3.0, 5, 69.99, 60);
    INSERT INTO Products (product_id, product_name, product_description, product_weight, category_id, price, product_stock) VALUES (11, 'Bluetooth Speaker', 'Portable Bluetooth speaker for music lovers', 0.5, 1, 59.99, 70);
    INSERT INTO Products (product_id, product_name, product_description, product_weight, category_id, price, product_stock) VALUES (12, 'Hiking Backpack', 'Durable hiking backpack for outdoor adventures', 2.0, 3, 49.99, 50);
    INSERT INTO Products (product_id, product_name, product_description, product_weight, category_id, price, product_stock) VALUES (13, 'Wristwatch Classic', 'Classic wristwatch for timeless style', 0.1, 2, 129.99, 30);
    INSERT INTO Products (product_id, product_name, product_description, product_weight, category_id, price, product_stock) VALUES (14, 'Dining Table', 'Elegant dining table for family gatherings', 20.0, 4, 299.99, 15);
    INSERT INTO Products (product_id, product_name, product_description, product_weight, category_id, price, product_stock) VALUES (15, 'Novel Collection', 'Assorted collection of novels', 2.5, 5, 79.99, 80);
    INSERT INTO Products (product_id, product_name, product_description, product_weight, category_id, price, product_stock) VALUES (16, 'Coffee Maker', 'High-quality coffee maker for your morning brew', 2.0, 3, 49.99, 30);
    INSERT INTO Products (product_id, product_name, product_description, product_weight, category_id, price, product_stock) VALUES (17, 'Digital Camera', 'Advanced digital camera for photography enthusiasts', 1.0, 1, 299.99, 20);
    INSERT INTO Products (product_id, product_name, product_description, product_weight, category_id, price, product_stock) VALUES (18, 'Tennis Racket', 'Professional tennis racket for the perfect game', 0.4, 4, 89.99, 25);
    INSERT INTO Products (product_id, product_name, product_description, product_weight, category_id, price, product_stock) VALUES (19, 'Leather Wallet', 'Genuine leather wallet for your everyday use', 0.1, 2, 19.99, 75);
    INSERT INTO Products (product_id, product_name, product_description, product_weight, category_id, price, product_stock) VALUES (20, 'Desk Lamp', 'Modern desk lamp for your workspace', 0.5, 3, 29.99, 50);

    --INSERT statements for ProductSupplierBridge Generated by Chat GPT 3.5 (Modified some of the insert statements and added new ones to meet Project Requirements and prevent errors)

    --supplier 1
    INSERT INTO ProductSupplierBridge (product_id, supplier_id) 
    VALUES (1, 1); 

    INSERT INTO ProductSupplierBridge (product_id, supplier_id) 
    VALUES (2, 1); 

    INSERT INTO ProductSupplierBridge (product_id, supplier_id) 
    VALUES (11,1); 

    INSERT INTO ProductSupplierBridge (product_id, supplier_id) 
    VALUES (17,1); 

    INSERT INTO ProductSupplierBridge (product_id, supplier_id) 
    VALUES (16,1); 

    --supplier 2
    INSERT INTO ProductSupplierBridge (product_id, supplier_id) 
    VALUES (3, 2); 

    INSERT INTO ProductSupplierBridge (product_id, supplier_id) 
    VALUES (7, 2); 

    INSERT INTO ProductSupplierBridge (product_id, supplier_id) 
    VALUES (1,2);

     --supplier 3
    INSERT INTO ProductSupplierBridge (product_id, supplier_id) 
    VALUES (4, 3); 

    INSERT INTO ProductSupplierBridge (product_id, supplier_id) 
    VALUES (9, 3); 

    --supplier 4 
    INSERT INTO ProductSupplierBridge (product_id, supplier_id) 
    VALUES (2, 4); 

    INSERT INTO ProductSupplierBridge (product_id, supplier_id) 
    VALUES (5, 4); 

    INSERT INTO ProductSupplierBridge (product_id, supplier_id) 
    VALUES (6, 4); 

    INSERT INTO ProductSupplierBridge (product_id, supplier_id) 
    VALUES (8, 4); 

    INSERT INTO ProductSupplierBridge (product_id, supplier_id) 
    VALUES (10, 4); 

    INSERT INTO ProductSupplierBridge (product_id, supplier_id) 
    VALUES (13, 4); 

    INSERT INTO ProductSupplierBridge (product_id, supplier_id) 
    VALUES (14, 4); 

    INSERT INTO ProductSupplierBridge (product_id, supplier_id) 
    VALUES (15, 4); 

    INSERT INTO ProductSupplierBridge (product_id, supplier_id) 
    VALUES (18, 4); 

    INSERT INTO ProductSupplierBridge (product_id, supplier_id) 
    VALUES (19, 4); 

    INSERT INTO ProductSupplierBridge (product_id, supplier_id)
    VALUES (20, 4); 

    -- INSERT statements for Product Reviews (for 5 products) Generated by Chat GPT 3.5 (edited some review columns to make more sense with the customers ordering products) (modified)
    INSERT INTO Reviews (review_id, customer_id, product_id, review_date, review_message, rating) VALUES (1, 1, 1, TO_DATE('2023-11-05', 'YYYY-MM-DD'), 'These headphones are fantastic! Great sound quality and very comfortable.', 5);
    INSERT INTO Reviews (review_id, customer_id, product_id, review_date, review_message, rating) VALUES (2, 1, 2, TO_DATE('2023-11-06', 'YYYY-MM-DD'), 'I love this smartwatch. It has all the features I need for tracking my fitness goals.', 4);
    INSERT INTO Reviews (review_id, customer_id, product_id, review_date, review_message, rating) VALUES (3, 2, 5, TO_DATE('2023-11-05', 'YYYY-MM-DD'), 'These jeans fit perfectly and are of high quality. Definitely recommend them!', 5);
    INSERT INTO Reviews (review_id, customer_id, product_id, review_date, review_message, rating) VALUES (4, 3, 6, TO_DATE('2023-11-07', 'YYYY-MM-DD'), 'The garden table is great for outdoor gatherings. Sturdy and well-made.', 4);
    INSERT INTO Reviews (review_id, customer_id, product_id, review_date, review_message, rating) VALUES (5, 4, 7, TO_DATE('2023-10-15', 'YYYY-MM-DD'), 'My kids enjoy reading the books in this set. A wonderful collection!', 5);
    -- INSERT statements for Locations Generated by Chat GPT 3.5 (Changed HST and GST columns to be NULL based on GST/HST existing or not)
    INSERT INTO Location (location_id, street_address, province, city, postal_code)
    VALUES (1, '123 Main St', 'Ontario', 'Toronto', 'M1X2Y5');

    INSERT INTO Location (location_id, street_address, province, city, postal_code)
    VALUES (2, '456 Elm St', 'Quebec', 'Montreal', 'H2Y3B5');

    INSERT INTO Location (location_id, street_address, province, city, postal_code)
    VALUES (3, '789 Oak St', 'British Columbia', 'Vancouver', 'V6Z1Y3');

    INSERT INTO Location (location_id, street_address, province, city, postal_code)
    VALUES (4, '321 Pine St', 'Alberta', 'Calgary', 'T2A1B4');

    INSERT INTO Location (location_id, street_address, province, city, postal_code)
    VALUES (5, '555 Maple St', 'Manitoba', 'Winnipeg', 'R3A0C9');

    INSERT INTO Location (location_id, street_address, province, city, postal_code)
    VALUES (6, '987 Cedar St', 'Saskatchewan', 'Regina', 'S4N1S2');

    INSERT INTO Location (location_id, street_address, province, city, postal_code)
    VALUES (7, '222 Birch St', 'Nova Scotia', 'Halifax', 'B3H1P6');

    -- INSERT statements for Taxes Generated by Chat GPT 3.5 (changed the HST and GST values to make more sense)
    INSERT INTO Taxes (tax_id, location_id, provincial_tax_rate, federal_tax_rate, hst, gst)
    VALUES (1, 1, 0.13, 0.05, 0.13, NULL);

    INSERT INTO Taxes (tax_id, location_id, provincial_tax_rate, federal_tax_rate, hst, gst)
    VALUES (2, 2, 0.15, 0.06, NULL, 0.04);

    INSERT INTO Taxes (tax_id, location_id, provincial_tax_rate, federal_tax_rate, hst, gst)
    VALUES (3, 3, 0.12, 0.05, NULL, 0.02);

    INSERT INTO Taxes (tax_id, location_id, provincial_tax_rate, federal_tax_rate, hst, gst)
    VALUES (4, 4, 0.11, 0.04, NULL, 0.05);

    INSERT INTO Taxes (tax_id, location_id, provincial_tax_rate, federal_tax_rate, hst, gst)
    VALUES (5, 5, 0.09, 0.03, NULL, 0.02);

    INSERT INTO Taxes (tax_id, location_id, provincial_tax_rate, federal_tax_rate, hst, gst)
    VALUES (6, 6, 0.08, 0.03, NULL, 0.01);

    INSERT INTO Taxes (tax_id, location_id, provincial_tax_rate, federal_tax_rate, hst, gst)
    VALUES (7, 7, 0.10, 0.04, NULL, 0.03);

    -- INSERT statements for Shipping Generated by Chat GPT 3.5 
    INSERT INTO Shipping (shipping_id, location_id, date_shipped, free_shipping, shipping_rate, high_priority)
    VALUES (1, 1, TO_DATE('2023-11-05', 'YYYY-MM-DD'), 0, 12.5, 1);

    INSERT INTO Shipping (shipping_id, location_id, date_shipped, free_shipping, shipping_rate, high_priority)
    VALUES (2, 2, TO_DATE('2023-11-05', 'YYYY-MM-DD'), 1, 10.0, 0);

    INSERT INTO Shipping (shipping_id, location_id, date_shipped, free_shipping, shipping_rate, high_priority)
    VALUES (3, 3, TO_DATE('2023-11-05', 'YYYY-MM-DD'), 0, 11.5, 1);

    INSERT INTO Shipping (shipping_id, location_id, date_shipped, free_shipping, shipping_rate, high_priority)
    VALUES (4, 4, TO_DATE('2023-11-06', 'YYYY-MM-DD'), 1, 9.5, 0);

    INSERT INTO Shipping (shipping_id, location_id, date_shipped, free_shipping, shipping_rate, high_priority)
    VALUES (5, 5, TO_DATE('2023-11-07', 'YYYY-MM-DD'), 0, 10.5, 1);

    INSERT INTO Shipping (shipping_id, location_id, date_shipped, free_shipping, shipping_rate, high_priority)
    VALUES (6, 6, TO_DATE('2023-11-08', 'YYYY-MM-DD'), 1, 12.0, 0);

    INSERT INTO Shipping (shipping_id, location_id, date_shipped, free_shipping, shipping_rate, high_priority)
    VALUES (7, 7, TO_DATE('2023-11-09', 'YYYY-MM-DD'), 0, 13.0, 1);

    -- INSERT statements for Orders and order product bridge tables Generated by Chat GPT 3.5 
    -- Order 1 (Customer 1)
    INSERT INTO Orders (order_id, customer_id, order_date, location_id, quantity_ordered)
    VALUES (1, 1, TO_DATE('2023-11-05', 'YYYY-MM-DD'), 1, 3);

    -- Order 2 (Customer 1)
    INSERT INTO Orders (order_id, customer_id, order_date, location_id, quantity_ordered)
    VALUES (2, 1, TO_DATE('2023-11-06', 'YYYY-MM-DD'), 1, 2);

    -- Order 3 (Customer 2)
    INSERT INTO Orders (order_id, customer_id, order_date, location_id, quantity_ordered)
    VALUES (3, 2, TO_DATE('2023-11-07', 'YYYY-MM-DD'), 2, 1);

    -- Order 4 (Customer 3)
    INSERT INTO Orders (order_id, customer_id, order_date, location_id, quantity_ordered)
    VALUES (4, 3, TO_DATE('2023-11-08', 'YYYY-MM-DD'), 3, 5);

    -- Order 5 (Customer 4)
    INSERT INTO Orders (order_id, customer_id, order_date, location_id, quantity_ordered)
    VALUES (5, 4, TO_DATE('2023-11-09', 'YYYY-MM-DD'), 4, 2);

    -- Order 6 (Customer 3)
    INSERT INTO Orders (order_id, customer_id, order_date, location_id, quantity_ordered)
    VALUES (6, 3, TO_DATE('2023-11-10', 'YYYY-MM-DD'), 3, 4);

    -- Order 7 (Customer 2)
    INSERT INTO Orders (order_id, customer_id, order_date, location_id, quantity_ordered)
    VALUES (7, 2, TO_DATE('2023-11-11', 'YYYY-MM-DD'), 2, 2);

    -- Order 8 (Customer 1)
    INSERT INTO Orders (order_id, customer_id, order_date, location_id, quantity_ordered)
    VALUES (8, 1, TO_DATE('2023-11-12', 'YYYY-MM-DD'), 1, 1);

    -- Order 9 (Customer 2)
    INSERT INTO Orders (order_id, customer_id, order_date, location_id, quantity_ordered)
    VALUES (9, 2, TO_DATE('2023-11-13', 'YYYY-MM-DD'), 2, 3);

    -- Order 10 (Customer 3)
    INSERT INTO Orders (order_id, customer_id, order_date, location_id, quantity_ordered)
    VALUES (10, 3, TO_DATE('2023-11-14', 'YYYY-MM-DD'), 3, 2);

    -- INSERT statements for OrderProductBridge Generated by Chat GPT 3.5 
    -- Order 1
    INSERT INTO OrderProductBridge (product_id, order_id)
    VALUES (1, 1);
    INSERT INTO OrderProductBridge (product_id, order_id)
    VALUES (2, 1);

    -- Order 2
    INSERT INTO OrderProductBridge (product_id, order_id)
    VALUES (3,2);
    INSERT INTO OrderProductBridge (product_id, order_id)
    VALUES (4,2);

    -- Order 3
    INSERT INTO OrderProductBridge (product_id, order_id)
    VALUES (5,3);

    -- Order 4
    INSERT INTO OrderProductBridge (product_id, order_id)
    VALUES (6,4);

    -- Order 5
    INSERT INTO OrderProductBridge (product_id, order_id)
    VALUES (7,5);

    -- Order 6
    INSERT INTO OrderProductBridge (product_id, order_id)
    VALUES (8, 6);
    INSERT INTO OrderProductBridge (product_id, order_id)
    VALUES (9, 6);

    -- Order 7
    INSERT INTO OrderProductBridge (product_id, order_id)
    VALUES (10,7);
    INSERT INTO OrderProductBridge (product_id, order_id)
    VALUES (11,7);

    -- Order 8
    INSERT INTO OrderProductBridge (product_id, order_id)
    VALUES (12,8);

    -- Order 9
    INSERT INTO OrderProductBridge (product_id, order_id)
    VALUES (13,9);
    
    -- Order 10
    INSERT INTO OrderProductBridge (product_id, order_id)
    VALUES (14,10); 
    INSERT INTO OrderProductBridge (product_id, order_id)
    VALUES (15,10);

    -- Insert statements for Payments Generated by Chat GPT 3.5 (Changed shipping and tax id to properly match the corresponding orders values for those columns)
    -- Payment 1 (Order 1)
    INSERT INTO Payments (payment_id, shipping_id, payment_amount, date_paid, payment_type, tax_id, order_id)
    VALUES (1, 1, 200.00, TO_DATE('2023-11-05', 'YYYY-MM-DD'), 'Visa', 1, 1);

    -- Payment 2 (Order 2)
    INSERT INTO Payments (payment_id, shipping_id, payment_amount, date_paid, payment_type, tax_id, order_id)
    VALUES (2, 1, 160.00, TO_DATE('2023-11-06', 'YYYY-MM-DD'), 'Mastercard', 1, 2);

    -- Payment 3 (Order 3)
    INSERT INTO Payments (payment_id, shipping_id, payment_amount, date_paid, payment_type, tax_id, order_id)
    VALUES (3, 2, 60.00, TO_DATE('2023-11-07', 'YYYY-MM-DD'), 'Visa', 2, 3);

    -- Payment 4 (Order 4)
    INSERT INTO Payments (payment_id, shipping_id, payment_amount, date_paid, payment_type, tax_id, order_id)
    VALUES (4, 3, 250.00, TO_DATE('2023-11-08', 'YYYY-MM-DD'), 'Amex', 3, 4);

    -- Payment 5 (Order 5)
    INSERT INTO Payments (payment_id, shipping_id, payment_amount, date_paid, payment_type, tax_id, order_id)
    VALUES (5, 4, 120.00, TO_DATE('2023-11-09', 'YYYY-MM-DD'), 'Mastercard', 4, 5);

    -- Payment 6 (Order 6)
    INSERT INTO Payments (payment_id, shipping_id, payment_amount, date_paid, payment_type, tax_id, order_id)
    VALUES (6, 3, 240.00, TO_DATE('2023-11-10', 'YYYY-MM-DD'), 'Visa', 3, 6);

    -- Payment 7 (Order 7)
    INSERT INTO Payments (payment_id, shipping_id, payment_amount, date_paid, payment_type, tax_id, order_id)
    VALUES (7, 2, 100.00, TO_DATE('2023-11-11', 'YYYY-MM-DD'), 'Mastercard', 2, 7);

    -- Payment 8 (Order 8)
    INSERT INTO Payments (payment_id, shipping_id, payment_amount, date_paid, payment_type, tax_id, order_id)
    VALUES (8, 1, 50.00, TO_DATE('2023-11-12', 'YYYY-MM-DD'), 'Debit', 1, 8);

    -- Payment 9 (Order 9)
    INSERT INTO Payments (payment_id, shipping_id, payment_amount, date_paid, payment_type, tax_id, order_id)
    VALUES (9, 2, 210.00, TO_DATE('2023-11-13', 'YYYY-MM-DD'), 'Visa', 2, 9);

    -- Payment 10 (Order 10)
    INSERT INTO Payments (payment_id, shipping_id, payment_amount, date_paid, payment_type, tax_id, order_id)
    VALUES (10, 3, 120.00, TO_DATE('2023-11-14', 'YYYY-MM-DD'), 'Mastercard', 3, 10);

    SPOOL off 
    set echo off 